method,k,MSE_val,R2_val_Rstyle
"Autoencoder (latent=5, 256-128-64, adaptive LR)",5,0.7191461562299354,0.14426221350113688
PCA (k=5),5,0.7823537900487282,0.06904918457043607
